Iteracion,Hora
0,0
1,1.23046875
2,2.4609375
3,3.69140625
