Iteracion,Hora
0,4.734375
1,9.46875
2,14.203125
3,18.9375
4,23.671875
5,28.421875
6,33.171875
7,37.921875
