Iteracion,Hora
0,4.578125
1,9.15625
2,13.75
3,18.359375
4,22.96875
5,27.578125
6,32.21875
7,36.859375
