Iteracion,Hora
0,0.27262931034482757
1,0.5452586206896551
2,0.8178879310344827
3,1.0905172413793103
4,1.363146551724138
5,1.6357758620689655
6,1.9084051724137931
