Iteracion,Hora
0,4.234375
1,8.484375
2,12.734375
3,16.984375
4,21.25
