Iteracion,Hora
0,0.02483346394984326
1,0.04966692789968652
2,0.07450039184952978
3,0.09933385579937304
4,0.1241673197492163
5,0.14900078369905956
6,0.17383424764890282
7,0.19866771159874608
