Iteracion,Hora
0,0.9397321428571429
1,1.8794642857142858
2,2.819196428571429
3,3.7589285714285716
4,4.698660714285714
5,5.638392857142858
6,6.578125000000001
