Iteracion,Hora
0,1.19140625
1,2.3828125
2,3.57421875
3,4.765625
