Iteracion,Hora
0,10.5625
1,21.234375
2,32.109375
3,42.984375
4,53.859375
5,64.75
6,75.640625
7,86.546875
