Iteracion,Hora
0,0.6540178571428571
1,1.3080357142857142
2,1.9620535714285712
3,2.6160714285714284
4,3.2700892857142856
5,3.924107142857143
6,4.578125
