Iteracion,Hora
0,1.5223214285714286
1,3.044642857142857
2,4.566964285714286
3,6.089285714285714
4,7.611607142857143
5,9.133928571428571
6,10.65625
