Iteracion,Hora
0,6.265625
1,12.578125
2,18.953125
3,25.40625
4,31.921875
5,38.453125
6,45.0625
7,51.671875
