Iteracion,Hora
0,5.5625
1,11.140625
2,16.734375
3,22.328125
4,27.9375
