Iteracion,Hora
0,0.5755208333333334
1,1.1510416666666667
2,1.7265625
3,2.3020833333333335
4,2.877604166666667
5,3.4531250000000004
6,4.028645833333334
7,4.604166666666667
8,5.1796875
9,5.755208333333333
10,6.330729166666666
11,6.906249999999999
