Iteracion,Hora
0,0.3984375
1,0.796875
2,1.1953125
3,1.59375
4,1.9921875
5,2.390625
6,2.7890625
7,3.1875
8,3.5859375
9,3.984375
10,4.3828125
11,4.78125
