Iteracion,Hora
0,0.42578125
1,0.8515625
2,1.27734375
3,1.703125
4,2.12890625
5,2.5546875
6,2.98046875
7,3.40625
8,3.83203125
9,4.2578125
10,4.68359375
11,5.109375
