Iteracion,Hora
0,17.921875
1,35.859375
2,53.8125
3,71.78125
4,89.765625
5,107.75
6,125.734375
7,143.734375
8,161.734375
9,179.734375
