Iteracion,Hora
0,7.859375
1,15.78125
2,23.734375
3,31.703125
4,39.71875
