Iteracion,Hora
0,8.015625
1,16.09375
2,24.1875
3,32.34375
4,40.5
