Iteracion,Hora
0,1.20703125
1,2.4140625
2,3.62109375
3,4.828125
