Iteracion,Hora
0,6.609375
1,13.296875
2,20.0625
3,26.84375
4,33.75
5,40.71875
6,47.6875
7,54.65625
