Iteracion,Hora
0,1.5602678571428572
1,3.1205357142857144
2,4.680803571428571
3,6.241071428571429
4,7.8013392857142865
5,9.361607142857144
6,10.921875000000002
