Iteracion,Hora
0,0.9955357142857143
1,1.9910714285714286
2,2.986607142857143
3,3.982142857142857
4,4.977678571428571
5,5.973214285714286
6,6.96875
