Iteracion,Hora
0,4.640625
1,9.28125
2,13.9375
3,18.59375
4,23.25
5,27.90625
6,32.5625
7,37.21875
