Iteracion,Hora
0,10.921875
1,21.875
2,32.828125
3,43.828125
4,54.828125
5,65.828125
6,76.84375
7,87.890625
