Iteracion,Hora
0,5.609375
1,11.21875
2,16.828125
3,22.4375
4,28.046875
