Iteracion,Hora
0,4.28125
1,8.5625
2,12.84375
3,17.125
4,21.421875
