Iteracion,Hora
0,0.671875
1,1.34375
2,2.015625
3,2.6875
4,3.359375
5,4.03125
6,4.703125
