Iteracion,Hora
0,0.4088541666666667
1,0.8177083333333334
2,1.2265625
3,1.6354166666666667
4,2.0442708333333335
5,2.453125
6,2.8619791666666665
7,3.270833333333333
8,3.6796874999999996
9,4.088541666666666
10,4.497395833333333
11,4.90625
