Iteracion,Hora
0,0.5859375
1,1.171875
2,1.7578125
3,2.34375
4,2.9296875
5,3.515625
6,4.1015625
7,4.6875
8,5.2734375
9,5.859375
10,6.4453125
11,7.03125
