Iteracion,Hora
0,0.4322916666666667
1,0.8645833333333334
2,1.296875
3,1.7291666666666667
4,2.1614583333333335
5,2.59375
6,3.0260416666666665
7,3.458333333333333
8,3.8906249999999996
9,4.322916666666666
10,4.755208333333333
11,5.1875
