Iteracion,Hora
0,18.0
1,36.015625
2,54.03125
3,72.0625
4,90.09375
5,108.125
6,126.171875
7,144.21875
8,162.28125
9,180.34375
