Iteracion,Hora
0,0.9739583333333334
1,1.9479166666666667
2,2.921875
3,3.8958333333333335
4,4.869791666666667
5,5.84375
6,6.817708333333333
7,7.791666666666666
8,8.765625
