Iteracion,Hora
0,1.34375
1,2.6875
2,4.03125
3,5.375
4,6.71875
