Iteracion,Hora
0,1.334375
1,2.66875
2,4.003125000000001
3,5.3375
4,6.671875
