Iteracion,Hora
0,1.31875
1,2.6375
2,3.9562500000000003
3,5.275
4,6.59375
