Iteracion,Hora
0,0
1,0.7586805555555556
2,1.5173611111111112
3,2.276041666666667
4,3.0347222222222223
5,3.7934027777777777
6,4.552083333333333
7,5.310763888888888
8,6.069444444444444
