Iteracion,Hora
0,0.7152777777777778
1,1.4305555555555556
2,2.1458333333333335
3,2.861111111111111
4,3.576388888888889
5,4.291666666666667
6,5.006944444444445
7,5.722222222222222
8,6.4375
