Iteracion,Hora
0,0.7760416666666666
1,1.5520833333333333
2,2.328125
3,3.1041666666666665
4,3.880208333333333
5,4.65625
6,5.432291666666667
7,6.208333333333334
8,6.984375000000001
