Iteracion,Hora
0,0
1,0.7708333333333334
2,1.5416666666666667
3,2.3125
4,3.0833333333333335
5,3.854166666666667
6,4.625
7,5.395833333333333
8,6.166666666666666
