Iteracion,Hora
0,1.328125
1,2.65625
2,3.984375
3,5.3125
4,6.640625
