Iteracion,Hora
0,1.353125
1,2.70625
2,4.059374999999999
3,5.4125
4,6.765625
