Iteracion,Hora
0,0.765625
1,1.53125
2,2.296875
3,3.0625
4,3.828125
5,4.59375
6,5.359375
7,6.125
8,6.890625
