Iteracion,Hora
0,0
1,1.3194444444444444
2,2.638888888888889
3,3.958333333333333
4,5.277777777777778
5,6.597222222222222
6,7.916666666666667
7,9.23611111111111
8,10.555555555555555
