Iteracion,Hora
0,0.4283854166666667
1,0.8567708333333334
2,1.28515625
3,1.7135416666666667
4,2.1419270833333335
5,2.5703125
6,2.9986979166666665
7,3.427083333333333
8,3.8554687499999996
9,4.283854166666666
10,4.712239583333333
11,5.140625
