Iteracion,Hora
0,0
1,1.2265625
2,2.453125
3,3.6796875
