Iteracion,Hora
0,0.4427083333333333
1,0.8854166666666666
2,1.328125
3,1.7708333333333333
4,2.2135416666666665
5,2.65625
6,3.0989583333333335
7,3.541666666666667
8,3.9843750000000004
9,4.427083333333334
10,4.869791666666667
11,5.3125
