Iteracion,Hora
0,11.25
1,22.515625
2,33.828125
3,45.140625
4,56.484375
5,67.875
6,79.28125
7,90.6875
