Iteracion,Hora
0,4.390625
1,8.78125
2,13.171875
3,17.5625
4,21.953125
