Iteracion,Hora
0,5.640625
1,11.28125
2,16.921875
3,22.5625
4,28.203125
