Iteracion,Hora
0,0
1,1.0089285714285714
2,3.0267857142857144
3,6.055803571428571
4,10.098214285714285
5,15.15625
6,21.232142857142858
