Iteracion,Hora
0,1.15625
1,2.3125
2,3.46875
3,4.625
4,5.78125
5,6.9375
6,8.09375
7,9.25
8,10.40625
9,11.5625
10,12.71875
11,13.875
