Iteracion,Hora
0,7.03125
1,14.078125
2,21.140625
3,14.125
4,21.203125
5,28.296875
6,35.40625
7,42.53125
