Iteracion,Hora
0,0.15625
1,0.3125
2,0.46875
3,0.625
4,0.78125
5,0.9375
6,1.09375
7,1.25
8,1.40625
9,1.5625
10,1.71875
11,1.875
12,2.03125
13,2.1875
14,2.34375
15,2.5
16,2.65625
17,2.8125
18,2.96875
19,3.125
20,3.28125
21,3.4375
22,3.59375
23,3.75
24,3.90625
25,4.0625
26,4.21875
27,4.375
28,4.53125
