Iteracion,Hora
0,4.71875
1,9.4375
2,14.15625
3,18.875
4,23.59375
5,28.3125
6,33.03125
7,37.765625
