Iteracion,Hora
0,0
1,1.6026785714285714
2,3.205357142857143
3,4.8125
4,8.029017857142858
5,12.861607142857142
6,19.310267857142858
