Iteracion,Hora
0,18.125
1,36.25
2,54.40625
3,72.5625
4,90.734375
5,108.90625
6,127.09375
7,145.28125
8,163.484375
9,181.6875
