Iteracion,Hora
0,1.5803571428571428
1,3.1607142857142856
2,4.741071428571429
3,6.321428571428571
4,7.9017857142857135
5,9.482142857142856
6,11.062499999999998
