Iteracion,Hora
0,0.41796875
1,0.8359375
2,1.25390625
3,1.671875
4,2.08984375
5,2.5078125
6,2.92578125
7,3.34375
8,3.76171875
9,4.1796875
10,4.59765625
11,5.015625
