Iteracion,Hora
0,0.5989583333333334
1,1.1979166666666667
2,1.796875
3,2.3958333333333335
4,2.994791666666667
5,3.5937500000000004
6,4.192708333333334
7,4.791666666666667
8,5.390625
9,5.989583333333333
10,6.588541666666666
11,7.187499999999999
