Iteracion,Hora
0,0.4388020833333333
1,0.8776041666666666
2,1.31640625
3,1.7552083333333333
4,2.1940104166666665
5,2.6328125
6,3.0716145833333335
7,3.510416666666667
8,3.9492187500000004
9,4.388020833333334
10,4.826822916666667
11,5.265625
