Iteracion,Hora
0,4.34375
1,8.703125
2,13.078125
3,17.46875
4,21.859375
