Iteracion,Hora
0,11.09375
1,22.203125
2,33.3125
3,44.4375
4,55.609375
5,66.78125
6,78.0
7,89.25
