Iteracion,Hora
0,5.609375
1,11.21875
2,16.84375
3,22.46875
4,28.09375
