Iteracion,Hora
0,6.96875
1,13.9375
2,20.9375
3,27.9375
4,34.9375
5,41.9375
6,48.96875
7,56.0
