Iteracion,Hora
0,4.65625
1,9.328125
2,14.0
3,18.671875
4,23.359375
5,28.0625
6,32.78125
7,37.5
