Iteracion,Hora
0,18.0625
1,36.140625
2,54.234375
3,72.328125
4,90.421875
5,108.515625
6,126.609375
7,144.71875
8,162.828125
9,180.953125
