Iteracion,Hora
0,1.21875
1,2.4375
2,3.65625
3,4.875
