Iteracion,Hora
0,0.6852678571428571
1,1.3705357142857142
2,2.055803571428571
3,2.7410714285714284
4,3.4263392857142856
5,4.111607142857142
6,4.796874999999999
