Iteracion,Hora
0,8.1875
1,16.40625
2,24.625
3,32.921875
4,41.234375
