Iteracion,Hora
0,0.03125
1,0.09375
2,0.09375
3,0.109375
4,0.109375
5,0.125
0,0.015625
0,0.015625
0,0.0
0,0.0
1,0.03125
2,0.03125
3,0.03125
4,0.03125
0,0.015625
1,0.03125
2,0.03125
3,0.03125
4,0.03125
0,0.03125
1,0.046875
2,0.046875
3,0.046875
4,0.046875
0,0.0
1,0.015625
2,0.046875
