Iteracion,Hora
0,0.01758424764890282
1,0.03516849529780564
2,0.05275274294670847
3,0.07033699059561128
4,0.0879212382445141
5,0.10550548589341692
6,0.12308973354231974
