Iteracion,Hora
0,0.13469827586206898
1,0.26939655172413796
2,0.40409482758620696
3,0.5387931034482759
4,0.6734913793103449
5,0.8081896551724138
6,0.9428879310344828
7,1.0775862068965518
8,1.2122844827586208
9,1.3469827586206897
10,1.4816810344827587
11,1.6163793103448276
12,1.7510775862068966
13,1.8857758620689655
14,2.0204741379310347
15,2.1551724137931036
16,2.2898706896551726
17,2.4245689655172415
18,2.5592672413793105
