Iteracion,Hora
0,12.75
1,25.609375
2,38.515625
3,51.421875
4,64.34375
