Iteracion,Hora
0,0.012539184952978056
1,0.025078369905956112
2,0.03761755485893417
3,0.050156739811912224
4,0.06269592476489028
5,0.07523510971786833
6,0.08777429467084638
