Iteracion,Hora
0,0.0
1,0.0
2,0.0
3,0.015625
4,0.015625
5,0.03125
0,0.03125
1,0.03125
2,0.03125
3,0.046875
4,0.0625
0,0.0
1,0.015625
2,0.09375
