Iteracion,Hora
0,13.078125
1,26.25
2,39.453125
3,52.671875
4,65.9375
