Iteracion,Hora
28,9.359375
28,9.359375
28,9.359375
28,9.359375
28,9.359375
28,9.359375
28,9.359375
28,9.359375
28,9.359375
28,9.359375
28,9.359375
28,9.359375
28,9.359375
28,9.359375
28,9.359375
28,9.359375
28,9.359375
28,9.359375
28,9.359375
28,9.359375
28,9.359375
28,9.359375
28,9.359375
28,9.359375
28,9.359375
28,9.359375
