Iteracion,Hora
0,0.140625
1,0.28125
2,0.421875
3,0.5625
4,0.703125
5,0.84375
6,0.984375
7,1.125
8,1.265625
9,1.40625
10,1.546875
11,1.6875
12,1.828125
13,1.96875
14,2.109375
15,2.25
16,2.390625
17,2.53125
18,2.671875
19,2.8125
20,2.953125
21,3.09375
22,3.234375
23,3.375
24,3.515625
25,3.65625
26,3.796875
27,3.9375
28,4.078125
