Iteracion,Hora
0,3.953125
1,7.953125
2,11.96875
3,15.984375
4,20.078125
