Iteracion,Hora
0,4.09375
1,8.1875
2,12.28125
3,16.390625
4,20.5
