Iteracion,Hora
0,4.109375
1,8.21875
2,12.328125
3,16.46875
4,20.671875
